<?xml version="1.0" encoding="UTF-8"?>
<!DOCTYPE mapper PUBLIC "-//mybatis.org//DTD Mapper 3.0//EN" "http://mybatis.org/dtd/mybatis-3-mapper.dtd">
<mapper namespace="com.linfeng.db.mapper.TrymallSystemMessageMapper">

    <!-- 通用查询映射结果 -->
    <resultMap id="BaseResultMap" type="com.linfeng.common.domain.TrymallSystemMessage">
        <result column="id" property="id" />
        <result column="create_date" property="createDate" />
        <result column="del_flag" property="delFlag" />
        <result column="remarks" property="remarks" />
        <result column="update_date" property="updateDate" />
        <result column="title" property="title" />
        <result column="content" property="content" />
        <result column="author" property="author" />
        <result column="image" property="image" />
    </resultMap>

</mapper>
