<?xml version="1.0" encoding="UTF-8"?>
<!DOCTYPE mapper PUBLIC "-//mybatis.org//DTD Mapper 3.0//EN" "http://mybatis.org/dtd/mybatis-3-mapper.dtd">
<mapper namespace="com.linfeng.db.mapper.TrymallIssueMapper">

    <!-- 通用查询映射结果 -->
    <resultMap id="BaseResultMap" type="com.linfeng.common.domain.TrymallIssue">
        <id column="id" property="id" />
        <result column="question" property="question" />
        <result column="answer" property="answer" />
        <result column="add_time" property="addTime" />
        <result column="update_time" property="updateTime" />
        <result column="deleted" property="deleted" />
    </resultMap>

</mapper>
