<?xml version="1.0" encoding="UTF-8"?>
<!DOCTYPE mapper PUBLIC "-//mybatis.org//DTD Mapper 3.0//EN" "http://mybatis.org/dtd/mybatis-3-mapper.dtd">
<mapper namespace="com.linfeng.db.mapper.TrymallSearchhistoryMapper">

    <!-- 通用查询映射结果 -->
    <resultMap id="BaseResultMap" type="com.linfeng.common.domain.TrymallSearchhistory">
        <id column="id" property="id" />
        <result column="user_id" property="userId" />
        <result column="keyword" property="keyword" />
        <result column="from" property="from" />
        <result column="add_time" property="addTime" />
        <result column="update_time" property="updateTime" />
        <result column="deleted" property="deleted" />
    </resultMap>

</mapper>
