<?xml version="1.0" encoding="UTF-8"?>
<!DOCTYPE mapper PUBLIC "-//mybatis.org//DTD Mapper 3.0//EN" "http://mybatis.org/dtd/mybatis-3-mapper.dtd">
<mapper namespace="com.linfeng.db.mapper.TrymallUserMapper">

    <!-- 通用查询映射结果 -->
    <resultMap id="BaseResultMap" type="com.linfeng.common.domain.TrymallUser">
        <id column="uid" property="uid" />
        <result column="username" property="username" />
        <result column="password" property="password" />
        <result column="real_name" property="realName" />
        <result column="birthday" property="birthday" />
        <result column="card_id" property="cardId" />
        <result column="mark" property="mark" />
        <result column="partner_id" property="partnerId" />
        <result column="group_id" property="groupId" />
        <result column="nickname" property="nickname" />
        <result column="avatar" property="avatar" />
        <result column="phone" property="phone" />
        <result column="add_ip" property="addIp" />
        <result column="create_time" property="createTime" />
        <result column="update_time" property="updateTime" />
        <result column="last_ip" property="lastIp" />
        <result column="now_money" property="nowMoney" />
        <result column="brokerage_price" property="brokeragePrice" />
        <result column="integral" property="integral" />
        <result column="sign_num" property="signNum" />
        <result column="status" property="status" />
        <result column="level" property="level" />
        <result column="spread_uid" property="spreadUid" />
        <result column="spread_time" property="spreadTime" />
        <result column="user_type" property="userType" />
        <result column="is_promoter" property="isPromoter" />
        <result column="pay_count" property="payCount" />
        <result column="spread_count" property="spreadCount" />
        <result column="addres" property="addres" />
        <result column="adminid" property="adminid" />
        <result column="login_type" property="loginType" />
        <result column="wx_profile" property="wxProfile" />
        <result column="is_del" property="isDel" />
    </resultMap>

</mapper>
